<annotation>
	<folder>testimages</folder>
	<filename>airport.jpg</filename>
	<path>C:\Users\212626492\Desktop\REVA\Research project\testimages\airport.jpg</path>
	<source>
		<database>Unknown</database>
	</source>
	<size>
		<width>2048</width>
		<height>1152</height>
		<depth>3</depth>
	</size>
	<segmented>0</segmented>
	<object>
		<name>object</name>
		<pose>Unspecified</pose>
		<truncated>0</truncated>
		<difficult>0</difficult>
		<bndbox>
			<xmin>478</xmin>
			<ymin>422</ymin>
			<xmax>1479</xmax>
			<ymax>885</ymax>
		</bndbox>
	</object>
	<object>
		<name>object</name>
		<pose>Unspecified</pose>
		<truncated>0</truncated>
		<difficult>0</difficult>
		<bndbox>
			<xmin>1163</xmin>
			<ymin>907</ymin>
			<xmax>1663</xmax>
			<ymax>1089</ymax>
		</bndbox>
	</object>
	<object>
		<name>object</name>
		<pose>Unspecified</pose>
		<truncated>0</truncated>
		<difficult>0</difficult>
		<bndbox>
			<xmin>189</xmin>
			<ymin>449</ymin>
			<xmax>259</xmax>
			<ymax>503</ymax>
		</bndbox>
	</object>
	<object>
		<name>person</name>
		<pose>Unspecified</pose>
		<truncated>0</truncated>
		<difficult>0</difficult>
		<bndbox>
			<xmin>1279</xmin>
			<ymin>718</ymin>
			<xmax>1378</xmax>
			<ymax>811</ymax>
		</bndbox>
	</object>
	<object>
		<name>person</name>
		<pose>Unspecified</pose>
		<truncated>0</truncated>
		<difficult>0</difficult>
		<bndbox>
			<xmin>1293</xmin>
			<ymin>499</ymin>
			<xmax>1318</xmax>
			<ymax>529</ymax>
		</bndbox>
	</object>
	<object>
		<name>person</name>
		<pose>Unspecified</pose>
		<truncated>0</truncated>
		<difficult>0</difficult>
		<bndbox>
			<xmin>1050</xmin>
			<ymin>456</ymin>
			<xmax>1072</xmax>
			<ymax>505</ymax>
		</bndbox>
	</object>
</annotation>
