<annotation>
	<folder>testimages</folder>
	<filename>road4.jpg</filename>
	<path>C:\Users\212626492\Desktop\REVA\Research project\testimages\road4.jpg</path>
	<source>
		<database>Unknown</database>
	</source>
	<size>
		<width>259</width>
		<height>194</height>
		<depth>3</depth>
	</size>
	<segmented>0</segmented>
	<object>
		<name>object</name>
		<pose>Unspecified</pose>
		<truncated>0</truncated>
		<difficult>0</difficult>
		<bndbox>
			<xmin>21</xmin>
			<ymin>29</ymin>
			<xmax>167</xmax>
			<ymax>156</ymax>
		</bndbox>
	</object>
</annotation>
